"Sepal.Length","Sepal.Width","Petal.Length","Petal.Width","Species"
7,3.2,4.7,1.4,"versicolor"
6.4,3.2,4.5,1.5,"versicolor"
6.9,3.1,4.9,1.5,"versicolor"
6.5,2.8,4.6,1.5,"versicolor"
6.3,3.3,4.7,1.6,"versicolor"
6.6,2.9,4.6,1.3,"versicolor"
6,2.2,4,1,"versicolor"
6.1,2.9,4.7,1.4,"versicolor"
6.7,3.1,4.4,1.4,"versicolor"
6.2,2.2,4.5,1.5,"versicolor"
6.1,2.8,4,1.3,"versicolor"
6.3,2.5,4.9,1.5,"versicolor"
6.1,2.8,4.7,1.2,"versicolor"
6.4,2.9,4.3,1.3,"versicolor"
6.6,3,4.4,1.4,"versicolor"
6.8,2.8,4.8,1.4,"versicolor"
6.7,3,5,1.7,"versicolor"
6,2.9,4.5,1.5,"versicolor"
6,2.7,5.1,1.6,"versicolor"
6,3.4,4.5,1.6,"versicolor"
6.7,3.1,4.7,1.5,"versicolor"
6.3,2.3,4.4,1.3,"versicolor"
6.1,3,4.6,1.4,"versicolor"
6.2,2.9,4.3,1.3,"versicolor"
